date,skill,model,input_tokens,output_tokens,cache_read,cache_creation
2026-07-03,heartbeat,claude-sonnet-4-6,13,7973,513525,32589
2026-07-03,heartbeat,claude-sonnet-4-6,12,5807,439228,30934
2026-07-04,heartbeat,claude-sonnet-4-6,13,5184,482119,30058
2026-07-04,heartbeat,claude-sonnet-4-6,11,4108,379637,47951
2026-07-04,heartbeat,claude-sonnet-4-6,13,5146,487699,30751
2026-07-05,heartbeat,claude-sonnet-4-6,418,6857,401325,32553
2026-07-05,heartbeat,claude-sonnet-4-6,44,4284,392004,29840
2026-07-05,heartbeat,claude-sonnet-4-6,10,3960,353984,29694
2026-07-06,heartbeat,claude-sonnet-4-6,49,9887,458760,35981
2026-07-06,heartbeat,claude-sonnet-4-6,12,3875,435183,29529
2026-07-07,heartbeat,claude-sonnet-4-6,12,4222,447139,30030
2026-07-07,heartbeat,claude-sonnet-4-6,10,4456,335573,48091
2026-07-07,heartbeat,claude-sonnet-4-6,10,4735,357549,30385
2026-07-08,heartbeat,claude-sonnet-4-6,10,4402,357757,30192
2026-07-08,heartbeat,claude-sonnet-4-6,9180,5425,351604,30979
2026-07-08,heartbeat,claude-sonnet-4-6,14,6461,548552,32517
2026-07-09,heartbeat,claude-sonnet-4-6,10,4023,357360,30053
2026-07-09,heartbeat,claude-sonnet-4-6,10,3982,326280,48225
2026-07-09,heartbeat,claude-sonnet-4-6,12,5621,457427,31763
2026-07-10,heartbeat,claude-sonnet-4-6,10,3493,354223,29378
2026-07-10,heartbeat,claude-sonnet-4-6,9,3745,306922,29342
2026-07-10,heartbeat,claude-sonnet-4-6,13,7428,510136,33479
2026-07-11,heartbeat,claude-sonnet-4-6,341,4261,310539,30033
2026-07-11,heartbeat,claude-sonnet-4-6,955,3618,307329,29154
2026-07-11,heartbeat,claude-sonnet-4-6,12,3768,446024,29767
2026-07-12,heartbeat,claude-sonnet-4-6,11,5405,404384,31399
2026-07-12,heartbeat,claude-sonnet-4-6,9,3534,306602,29029
2026-07-12,heartbeat,claude-sonnet-4-6,11,4106,399809,30086
2026-07-13,heartbeat,claude-sonnet-4-6,11,3801,372854,48179
2026-07-13,heartbeat,claude-sonnet-4-6,10,4686,314463,23908
2026-07-14,heartbeat,claude-sonnet-4-6,11,4634,394079,30582
2026-07-14,heartbeat,claude-sonnet-4-6,10,3975,353664,29530
2026-07-14,heartbeat,claude-sonnet-4-6,14,5193,536408,31195
2026-07-15,heartbeat,claude-sonnet-4-6,9,5265,309791,31077
2026-07-15,heartbeat,claude-sonnet-4-6,11,4867,399646,30466
2026-07-15,heartbeat,claude-sonnet-4-6,12,4907,448721,30668
2026-07-16,heartbeat,claude-sonnet-4-6,11,3673,400059,29806
2026-07-16,heartbeat,claude-sonnet-4-6,10,4089,352469,29551
2026-07-16,heartbeat,claude-sonnet-4-6,14,8314,559733,34213
2026-07-17,heartbeat,claude-sonnet-4-6,8,4531,262731,30665
2026-07-17,heartbeat,claude-sonnet-4-6,350,4395,327662,48682
2026-07-17,heartbeat,claude-sonnet-4-6,11,3894,402991,29959
2026-07-18,heartbeat,claude-sonnet-4-6,11,3547,397498,29488
2026-07-18,heartbeat,claude-sonnet-4-6,9014,4226,390580,29923
2026-07-18,heartbeat,claude-sonnet-4-6,11,4375,404140,30499
2026-07-19,heartbeat,claude-sonnet-4-6,9,3453,310088,29541
2026-07-19,heartbeat,claude-sonnet-4-6,9511,3946,280075,48018
2026-07-19,heartbeat,claude-sonnet-4-6,11,4130,401202,30104
